{"cameraMode":{"drawMode":0,"name":"Shaded","section":"Shading Mode"},"sceneLighting":true,"audioPlay":false,"sceneViewState":{"showFog":true,"showMaterialUpdate":false,"showSkybox":true,"showFlares":true,"showImageEffects":true,"showParticleSystems":true},"in2DMode":false,"pivot":{"x":83.31964874267578,"y":-17.513578414916993,"z":-19.447813034057618},"rotation":{"x":-0.06921862810850144,"y":-0.7608890533447266,"z":0.08227631449699402,"w":-0.6400279998779297},"size":99.55681610107422,"orthographic":false}